Category,Object,Description,NavSections,BackendReadFunctions,BackendReadWriteFunctions,CrossCheckStatus,MismatchCount
"CIPP","AppSettings","Global CIPP application configuration: Application Settings, Setup Wizard, Custom Data fields, and SSO configuration dialogs.","CIPP > Application Settings | CIPP > Setup Wizard | CIPP > Custom Data","ExecAccessChecks; ExecBackendURLs; ExecGDAPTrace; ExecMaintenanceScripts; ListExcludedLicenses; ListNotificationConfig","ExecAddTenant; ExecAddTrustedIP; ExecBackupReplicationConfig; ExecBackupRetentionConfig; ExecBrandingSettings; ExecCPVPermissions; ExecCippLogsSas; ExecCombinedSetup; ExecCreateSAMApp; ExecCustomData; ExecDeviceCodeLogon; ExecDurableFunctions; ExecExchangeRoleRepair; ExecExcludeLicenses; ExecExcludeTenant; ExecFeatureFlag; ExecJITAdminSettings; ExecLogRetentionConfig; ExecNotificationConfig; ExecPartnerWebhook; ExecPasswordConfig; ExecPermissionRepair; ExecRestoreBackup; ExecRunBackup; ExecSAMCertificate; ExecSSOSetup; ExecTokenExchange; ExecUpdateRefreshToken","BASELINE_OR_UNCHECKED","0"
"CIPP","Backup","Backup and restore of tenant configuration/standards data (Tenant Administration > Backup).","Tenant Administration","ExecListBackup","ExecSetCIPPAutoBackup","NO_NAV_OR_COMPONENT_GATE_CHECKED","0"
"CIPP","Core","Baseline CIPP functionality: Dashboard, IP Database, Dark Web breach lookups, Report Builder, Template Library, Community Repositories, and the Logbook (audit trail of CIPP actions). Treated as the app's floor permission - the role editor forces this to at least Read and won't let it be set to None.","Dashboard | Tools > Tenant Tools > IP Database | Tools > Dark Web Tools | Tools > Dark Web Tools > Tenant Breach Lookup | Tools > Dark Web Tools > Breach Lookup | Tools > Report Builder | Tools > Template Library | Tools > Community Repositories | CIPP > Logbook","ExecBreachSearch; ExecGeoIPLookup; ExecGraphExplorerPreset; ExecGraphRequestProfile; ExecLicenseSearch; ExecMailTest; ExecMcp; ExecUniversalSearch; ExecUniversalSearchV2; GetCippAlerts; GetVersion; ListAdminPortalLicenses; ListApiTest; ListBreachesAccount; ListBreachesTenant; ListCheckExtAlerts; ListCippQueue; ListCommunityRepos; ListCustomDataMappings; ListCustomRole; ListCustomVariables; ListDBCache; ListDirectoryObjects; ListExoRequest; ListExtensionCacheData; ListExternalTenantInfo; ListFeatureFlags; ListFunctionParameters; ListFunctionStats; ListGeneratedReports; ListGenericTestFunction; ListGitHubReleaseNotes; ListGraphBulkRequest; ListGraphExplorerPresets; ListGraphRequest; ListIPWhitelist; ListKnownIPDb; ListLogs; ListOrg; ListReportBuilderTemplates; ListSharepointAdminUrl; ListTenantDetails; ListTenantGroups; ListTenants; invoke-ListEmptyResults","ExecCIPPDBCache; ExecCPVRefresh; ExecCloneTemplate; ExecCommunityRepo; ExecEditTemplate; ExecGenerateReportBuilderReport; ExecListAppId; ExecReportBuilderTemplate; ExecSetPackageTag; ExecUserBookmarks; ExecUserSettings; RemoveCippQueue","MISMATCHES_FOUND","1"
"CIPP","Extension","Third-party integration configuration (CIPP > Integrations) - PSA/RMM/webhook connectors and similar extensions.","CIPP > Integrations","ExecExtensionTest; ListExtensionSync; ListExtensionsConfig; ListHaloClients","ExecApiClient; ExecExtensionClearHIBPKey; ExecExtensionMapping; ExecExtensionNinjaOneQueue; ExecExtensionSync; ExecExtensionsConfig; ExecGitHubAction","BASELINE_OR_UNCHECKED","0"
"CIPP","Scheduler","CIPP's own task scheduler (Tools > Scheduler) - creating, viewing, and managing scheduled automation jobs.","Tools | Tools > Scheduler","ListScheduledItemDetails; ListScheduledItems","AddScheduledItem; RemoveScheduledItem","BASELINE_OR_UNCHECKED","0"
"CIPP","SuperAdmin","Highest-privilege CIPP internals: Super Admin tools, raw Exchange cmdlet execution, background timers, table maintenance, diagnostics, container logs, worker health. Should be reserved for top-tier admins - this is the operational/infrastructure layer of CIPP itself, not tenant management.","CIPP > Advanced | CIPP > Advanced > Super Admin | CIPP > Advanced > Exchange Cmdlets | CIPP > Advanced > Timers | CIPP > Advanced > Table Maintenance | CIPP > Advanced > Diagnostics | CIPP > Advanced > Container Logs | CIPP > Advanced > Worker Health","ExecAPIPermissionList; ExecAppInsightsQuery; ListCIPPUsers; ListContainerLogs; ListDiagnosticsPresets; ListWorkerHealth","ExecAzBobbyTables; ExecCIPPUsers; ExecCippFunction; ExecContainerManagement; ExecCustomRole; ExecDiagnosticsPresets; ExecOffloadFunctions; ExecPartnerMode; ExecSAMAppPermissions; ExecSAMRoles; ExecTimeSettings","CONSISTENT","0"
"CIPP","Tests","Custom Tests tool (Tools > Custom Tests) - user-defined validation/test scripts run against tenants.","Tools > Custom Tests","ListCustomScripts","AddCustomScript; ExecCustomScript; RemoveCustomScript","CONSISTENT","0"
"Endpoint","Application","Intune application deployment: Applications list, Application Queue, Application Templates.","Intune | Intune > Applications | Intune > Applications > Applications | Intune > Applications > Application Queue | Intune > Applications > Application Templates","ListAppTemplates; ListApplicationQueue; ListApps; ListAppsRepository; ListPotentialApps","AddAppTemplate; AddChocoApp; AddMSPApp; AddOfficeApp; AddStoreApp; AddWin32ScriptApp; ExecAppUpload; ExecAssignApp; ExecDeployAppTemplate; ExecSyncVPP; RemoveApp; RemoveAppTemplate; RemoveQueuedApp","CONSISTENT","0"
"Endpoint","Autopilot","Windows Autopilot & enrollment: Autopilot devices, adding devices, enrollment profiles, status pages, and Autopilot deployment reports. One pairing quirk: on the Enrollment Profiles page, the remove-profile and DEP-sync actions run under Endpoint.MEM.ReadWrite, so an Autopilot-only role can view profiles but those two buttons fail - pair with Endpoint.MEM.ReadWrite for full enrollment-profile management.","Intune | Intune > Autopilot & Enrollment | Intune > Autopilot & Enrollment > Autopilot Devices | Intune > Autopilot & Enrollment > Add Autopilot Device | Intune > Autopilot & Enrollment > Enrollment Profiles | Intune > Autopilot & Enrollment > Status Pages | Intune > Reports | Intune > Reports > Autopilot Deployments","ListAPDevices; ListAndroidEnrollmentProfiles; ListAppleEnrollmentProfiles; ListAutopilotconfig","AddAPDevice; AddAutopilotConfig; AddEnrollment; ExecAssignAPDevice; ExecRenameAPDevice; ExecSetAPDeviceGroupTag; ExecSyncAPDevices; RemoveAPDevice; RemoveAutopilotConfig","MISMATCHES_FOUND","2"
"Endpoint","Device","Intune-managed device inventory and reporting: Devices list, Analytics Device Score, Work from Anywhere report. (Distinct from Identity.Device, which is Entra's device registration record, not Intune management.)","Intune | Intune > Device Management > Devices | Intune > Reports | Intune > Reports > Analytics Device Score | Intune > Reports > Work from anywhere","ExecBitlockerSearch; ExecGetLocalAdminPassword; ExecGetRecoveryKey; ListAppStatus; ListDevices","","MISMATCHES_FOUND","1"
"Endpoint","MEM","Intune policy management broadly: Configuration/Compliance/App Protection policies, policy templates, reusable settings (+ templates), assignment filters (+ templates), scripts, Discovered Apps report, and the Intune policy-compare tool. Also gates the Defender CVE Exceptions page, which is grouped under Intune policy management in code despite living in the Security & Compliance nav section. Two pairing quirks: the template edit/clone/tag actions on the Templates page run under CIPP.Core.ReadWrite (above the CIPP.Core.Read floor every role holds), and the CVE exception add/remove actions run under Security.Alert.ReadWrite.","Intune | Intune > Device Management | Intune > Device Management > Configuration Policies | Intune > Device Management > Compliance Policies | Intune > Device Management > App Policies | Intune > Device Management > Policy Templates | Intune > Device Management > Reusable Settings | Intune > Device Management > Reusable Settings Templates | Intune > Device Management > Assignment Filters | Intune > Device Management > Assignment Filter Templates | Intune > Device Management > Scripts | Intune > Reports | Intune > Reports > Discovered Apps | Tools | Tools > Intune Tools | Tools > Intune Tools > Compare Policies","ExecCompareIntunePolicy; ListAppProtectionPolicies; ListAssignmentFilterTemplates; ListAssignmentFilters; ListCompliancePolicies; ListDefenderState; ListDefenderTVM; ListIntuneIntents; ListIntunePolicy; ListIntuneReusableSettingTemplates; ListIntuneReusableSettings; ListIntuneScript; ListIntuneTemplates","AddAssignmentFilter; AddAssignmentFilterTemplate; AddDefenderDeployment; AddDefenderTemplate; AddIntunePolicyClone; AddIntuneReusableSetting; AddIntuneReusableSettingTemplate; AddIntuneTemplate; AddPolicy; EditAssignmentFilter; EditIntunePolicy; EditIntuneScript; EditPolicy; ExecAssignPolicy; ExecAssignmentFilter; ExecDeviceAction; ExecDevicePasscodeAction; ExecRemoveEnrollmentProfile; ExecSyncDEP; RemoveAssignmentFilterTemplate; RemoveIntuneReusableSetting; RemoveIntuneReusableSettingTemplate; RemoveIntuneScript; RemoveIntuneTemplate; RemovePolicy","MISMATCHES_FOUND","5"
"Exchange","ConnectionFilter","Spam filter connection filters and their templates.","Email & Exchange | Email & Exchange > Spamfilter > Connection filter | Email & Exchange > Spamfilter > Connection filter templates","ListConnectionFilter; ListConnectionFilterTemplates","AddConnectionFilter; AddConnectionFilterTemplate; RemoveConnectionfilterTemplate","CONSISTENT","0"
"Exchange","Connector","Exchange mail flow connectors and connector templates.","Email & Exchange | Email & Exchange > Transport > Connectors | Email & Exchange > Transport > Connector Templates","ListExConnectorTemplates; ListExchangeConnectors","AddExConnector; AddExConnectorTemplate; EditExConnector; RemoveExConnector; RemoveExConnectorTemplate","CONSISTENT","0"
"Exchange","Contact","Mail contacts and contact templates.","Email & Exchange | Email & Exchange > Administration > Contacts | Email & Exchange > Administration > Contact Templates","ListContactTemplates; ListContacts","AddContact; AddContactTemplates; DeployContactTemplates; EditContact; EditContactTemplates; RemoveContact; RemoveContactTemplates","CONSISTENT","0"
"Exchange","Equipment","Bookable equipment resource mailboxes.","Email & Exchange | Email & Exchange > Resource Management | Email & Exchange > Resource Management > Equipment","ListEquipment","AddEquipmentMailbox; EditEquipmentMailbox","CONSISTENT","0"
"Exchange","Group","Distribution/mail-enabled group reporting (Global Address List report). The GAL report's data call itself runs under Exchange.Mailbox.Read - grant that alongside, or the page renders but stays empty.","Email & Exchange | Email & Exchange > Reports | Email & Exchange > Reports > Global Address List","","ExecGroupsDeliveryManagement; ExecGroupsHideFromGAL","MISMATCHES_FOUND","1"
"Exchange","Mailbox","Core mailbox administration: mailboxes, High Volume Email (HVE) accounts, deleted mailboxes, mailbox rules, restricted users; plus mailbox reports (statistics, activity, client access, permissions, calendar permissions, forwarding, shared-mailbox-with-enabled-account, ActiveSync devices) and email tools (message trace, message viewer, mailbox restores). One cross-permission quirk: the mailboxes page’s send-push action (ExecSendPush) runs under Identity.User.Read.","Email & Exchange | Email & Exchange > Administration | Email & Exchange > Administration > Mailboxes | Email & Exchange > Administration > HVE Accounts | Email & Exchange > Administration > Deleted Mailboxes | Email & Exchange > Administration > Mailbox Rules | Email & Exchange > Administration > Restricted Users | Email & Exchange > Reports | Email & Exchange > Reports > Mailbox Statistics | Email & Exchange > Reports > Mailbox Activity | Email & Exchange > Reports > Mailbox Client Access Settings | Email & Exchange > Reports > Mailbox Permissions | Email & Exchange > Reports > Calendar Permissions | Email & Exchange > Reports > Mailbox Forwarding | Email & Exchange > Reports > Shared Mailbox with Enabled Account | Email & Exchange > Reports > ActiveSync Devices | Tools | Tools > Email Tools | Tools > Email Tools > Message Trace | Tools > Email Tools > Message Viewer | Tools > Email Tools > Mailbox Restores","ListActiveSyncDevices; ListCalendarPermissions; ListContactPermissions; ListGlobalAddressList; ListHVEAccounts; ListMailboxCAS; ListMailboxForwarding; ListMailboxMobileDevices; ListMailboxRestores; ListMailboxRules; ListMailboxes; ListMessageTrace; ListOoO; ListRestrictedUsers; ListSharedMailboxAccountEnabled; ListSharedMailboxStatistics; ListUserMailboxDetails; ListUserMailboxRules; ListUserTrustedBlockedSenders; ListmailboxPermissions","AddSharedMailbox; ExecConvertMailbox; ExecCopyForSent; ExecEditCalendarPermissions; ExecEditMailboxPermissions; ExecEmailForward; ExecEnableArchive; ExecEnableAutoExpandingArchive; ExecGroupsDelete; ExecHVEUser; ExecHideFromGAL; ExecMailboxMobileDevices; ExecMailboxRestore; ExecModifyCalPerms; ExecModifyContactPerms; ExecModifyMBPerms; ExecRemoveMailboxRule; ExecRemoveRestrictedUser; ExecScheduleForwardingVacation; ExecScheduleMailboxVacation; ExecScheduleOOOVacation; ExecSetCASMailbox; ExecSetCalendarProcessing; ExecSetLitigationHold; ExecSetMailboxEmailSize; ExecSetMailboxLocale; ExecSetMailboxQuota; ExecSetMailboxRetentionPolicies; ExecSetMailboxRule; ExecSetOoO; ExecSetRecipientLimits; ExecSetRetentionHold; ExecStartManagedFolderAssistant; RemoveTrustedBlockedSender","MISMATCHES_FOUND","1"
"Exchange","RetentionPolicies","Exchange-level retention policies and retention tags (mailbox retention, not the Purview compliance retention policies - see Security.RetentionCompliancePolicy).","Email & Exchange | Email & Exchange > Administration > Retention Policies & Tags","","ExecManageRetentionPolicies; ExecManageRetentionTags","CONSISTENT","0"
"Exchange","Room","Bookable room resource mailboxes and room lists.","Email & Exchange | Email & Exchange > Resource Management > Rooms | Email & Exchange > Resource Management > Room Lists","ListRoomLists; ListRooms","AddRoomList; AddRoomMailbox; EditRoomList; EditRoomMailbox","CONSISTENT","0"
"Exchange","SafeLinks","Safe Links policy template management: creating, editing, deleting templates and deploying policies from them. Note the split with its sibling permission: the Safe Links pages are made visible by Security.SafeLinksPolicy, but the template management work happens under this permission (and policy edit/delete under Exchange.SpamFilter) - for a role that fully manages Safe Links, grant all three together. The Safe Attachments filter report is separately backed by Exchange.SpamFilter functions.","Email & Exchange | Email & Exchange > Reports | Email & Exchange > Reports > Safe Attachments Filters","ListSafeLinksPolicyTemplateDetails; ListSafeLinksPolicyTemplates","AddSafeLinksPolicyFromTemplate; AddSafeLinksPolicyTemplate; CreateSafeLinksPolicyTemplate; EditSafeLinksPolicyTemplate; RemoveSafeLinksPolicyTemplate","MISMATCHES_FOUND","2"
"Exchange","SpamFilter","Quarantine management, Tenant Allow/Block Lists (+ templates), spam filter policies/templates, quarantine policies, plus anti-phishing and malware filter reports. Also carries Safe Links policy edit/delete. Naming quirk: six write functions on these pages (spam filter template add/remove, quarantine policy add/edit/remove) declare the casing variant 'Exchange.Spamfilter'. Enforcement is case-insensitive, so Exchange.SpamFilter.ReadWrite still grants them - the only impact is that 'Exchange.Spamfilter' appears as a separate object in the role editor and permission listings until the backend .ROLE tags are aligned.","Email & Exchange | Email & Exchange > Administration > Quarantine | Email & Exchange > Administration > Tenant Allow/Block Lists | Email & Exchange > Administration > Allow/Block List Templates | Email & Exchange > Spamfilter | Email & Exchange > Spamfilter > Spamfilter | Email & Exchange > Spamfilter > Spamfilter templates | Email & Exchange > Spamfilter > Quarantine Policies | Email & Exchange > Reports | Email & Exchange > Reports > Anti-Phishing Filters | Email & Exchange > Reports > Malware Filters","ListAntiPhishingFilters; ListMailQuarantine; ListMailQuarantineMessage; ListMalwareFilters; ListQuarantinePolicy; ListSafeAttachmentsFilters; ListSafeLinksPolicyDetails; ListSpamFilterTemplates; ListSpamfilter; ListTenantAllowBlockList; ListTenantAllowBlockListTemplates","AddSpamFilter; AddTenantAllowBlockList; AddTenantAllowBlockListTemplate; EditAntiPhishingFilter; EditMalwareFilter; EditSafeAttachmentsFilter; EditSafeLinksPolicy; EditSpamFilter; EditTenantAllowBlockListTemplate; ExecDeleteSafeLinksPolicy; ExecNewSafeLinksPolicy; ExecQuarantineManagement; RemoveTenantAllowBlockList; RemoveTenantAllowBlockListTemplate","CONSISTENT","0"
"Exchange","TransportRule","Mail flow transport rules and transport rule templates.","Email & Exchange | Email & Exchange > Transport | Email & Exchange > Transport > Transport rules | Email & Exchange > Transport > Transport Templates","ListTransportRules; ListTransportRulesTemplates","AddEditTransportRule; AddTransportRule; AddTransportTemplate; EditTransportRule; RemoveTransportRule; RemoveTransportRuleTemplate","CONSISTENT","0"
"Identity","AuditLog","Entra ID sign-in/audit log reporting, surfaced both under Identity Management > Reports and Tenant Administration > Audit Logs.","Identity Management > Reports | Tenant Administration | Tenant Administration > Administration > Audit Logs","ListBasicAuth; ListObjectHistory; ListSignIns","","BASELINE_OR_UNCHECKED","0"
"Identity","Device","Entra ID device registration records/reporting (distinct from Endpoint.Device, which is Intune's management view of the same physical devices).","Identity Management > Administration > Devices | Identity Management > Reports","ListDetectedAppDevices; ListDetectedApps; ListDeviceDetails","ExecDeviceDelete","MISMATCHES_FOUND","1"
"Identity","Group","Entra ID group administration: Groups, Group Templates, and group reporting.","Identity Management > Administration > Groups | Identity Management > Administration > Group Templates | Identity Management > Reports","ListGroupTemplates; ListGroups","AddGroup; AddGroupTeam; AddGroupTemplate; EditGroup; RemoveGroupTemplate","MISMATCHES_FOUND","2"
"Identity","Role","Entra ID directory role administration, plus CIPP's Just-In-Time (JIT) admin elevation feature and JIT admin templates.","Identity Management > Administration > Roles | Identity Management > Administration > JIT Admin | Identity Management > Administration > JIT Admin Templates | Identity Management > Reports","ListJITAdmin; ListJITAdminTemplates; ListRoles","AddJITAdminTemplate; EditJITAdminTemplate; ExecJITAdmin; ExecRemoveAdminRole; RemoveJITAdminTemplate","CONSISTENT","0"
"Identity","User","Core user lifecycle management: Users, Risky Users, Deleted Items, Vacation Mode, Offboarding Wizard; plus user-centric reports (MFA, inactive users, sign-in, Entra Connect, risk detections). This is the single largest and most frequently touched permission for technician-tier roles.","Identity Management > Administration | Identity Management > Administration > Users | Identity Management > Administration > Risky Users | Identity Management > Administration > Deleted Items | Identity Management > Administration > Vacation Mode | Identity Management > Administration > Offboarding Wizard | Identity Management > Reports | Identity Management > Reports > MFA Report | Identity Management > Reports > Inactive Users | Identity Management > Reports > Sign-in Report | Identity Management > Reports > Microsoft Entra Connect Report | Identity Management > Reports > Risk Detections","ExecBECCheck; ExecSendPush; ListMFAUsers; ListNewUserDefaults; ListPerUserMFA; ListUserConditionalAccessPolicies; ListUserCounts; ListUserDevices; ListUserGroups; ListUserPhoto; ListUserSettings; ListUserSigninLogs; ListUsers","AddGuest; AddUser; AddUserBulk; AddUserDefaults; EditUser; EditUserAliases; ExecBECRemediate; ExecBulkLicense; ExecClrImmId; ExecCreateTAP; ExecDisableUser; ExecDismissRiskyUser; ExecOffboardUser; ExecOneDriveProvision; ExecOneDriveShortCut; ExecPasswordNeverExpires; ExecPerUserMFA; ExecReprocessUserLicenses; ExecResetMFA; ExecResetPass; ExecRevokeSessions; ExecSetUserPhoto; PatchUser; RemoveUser; RemoveUserDefaultTemplate","MISMATCHES_FOUND","6"
"Scheduler","Billing","Partner billing sync automation: triggers scheduled billing runs against configured PSA/billing integrations (e.g. Gradient). API-only - invoked by CIPP's internal scheduler rather than any user-facing page, so it has no meaningful UI surface. Only relevant for API-client roles or roles that manage billing extension automation.","Tenant Administration | Tenant Administration > Reports","","ExecSchedulerBillingRun","NO_NAV_OR_COMPONENT_GATE_CHECKED","0"
"Security","Alert","Microsoft Defender alert triage: listing and updating security alerts, MDO alert data, and CVE exception actions. Caution for role design: the Defender pages this permission makes visible (Defender Status, Defender Deployment, Vulnerabilities, CVE Management) fetch their data under different permissions - pair with Endpoint.MEM.Read for the Defender/vulnerability pages (ReadWrite for deployment), Endpoint.Security.Read for the CVE list, and Security.Incident.ReadWrite for MDO alert triage. Granting Security.Alert alone shows these pages but their data calls fail.","Security & Compliance | Security & Compliance > Incidents & Alerts > Alerts | Security & Compliance > Incidents & Alerts > MDO Alerts | Security & Compliance > Incidents & Alerts > Check Alerts | Security & Compliance > Defender | Security & Compliance > Defender > Defender Status | Security & Compliance > Defender > Defender Deployment | Security & Compliance > Defender > Vulnerabilities | Security & Compliance > Defender > CVE Management","ExecAlertsList; ExecMDOAlertsList","ExecAddCippCveException; ExecRemoveCippCveException; ExecSetSecurityAlert","MISMATCHES_FOUND","5"
"Security","Defender","Defender-for-Endpoint reporting: MDE onboarding status and vulnerability report (read-oriented, distinct from Security.Alert's action-oriented alert triage).","Security & Compliance > Reports | Security & Compliance > Reports > MDE Onboarding | Security & Compliance > Reports > Vulnerability Report","ListMDEOnboarding","","MISMATCHES_FOUND","1"
"Security","DlpCompliancePolicy","Microsoft Purview Data Loss Prevention (DLP) policies and DLP policy templates.","Security & Compliance | Security & Compliance > Purview Compliance | Security & Compliance > Purview Compliance > DLP Policies | Security & Compliance > Purview Compliance > DLP Policy Templates","ListDlpCompliancePolicy; ListDlpCompliancePolicyTemplates","AddDlpCompliancePolicy; AddDlpCompliancePolicyTemplate; EditDlpCompliancePolicy; RemoveDlpCompliancePolicy; RemoveDlpCompliancePolicyTemplate","CONSISTENT","0"
"Security","Incident","Microsoft Defender/Purview security incidents list.","Security & Compliance | Security & Compliance > Incidents & Alerts | Security & Compliance > Incidents & Alerts > Incidents","ExecIncidentsList","ExecSetMdoAlert; ExecSetSecurityIncident","CONSISTENT","0"
"Security","RetentionCompliancePolicy","Microsoft Purview compliance retention policies and templates (organization-wide compliance retention, not Exchange mailbox retention tags - see Exchange.RetentionPolicies).","Security & Compliance | Security & Compliance > Purview Compliance | Security & Compliance > Purview Compliance > Retention Policies | Security & Compliance > Purview Compliance > Retention Policy Templates","ListRetentionCompliancePolicy; ListRetentionCompliancePolicyTemplates","AddRetentionCompliancePolicy; AddRetentionCompliancePolicyTemplate; EditRetentionCompliancePolicy; RemoveRetentionCompliancePolicy; RemoveRetentionCompliancePolicyTemplate","CONSISTENT","0"
"Security","SafeLinksPolicy","Visibility and read access for the Safe Links pages (Safe Links Policies, Safe Links Templates). Largely a view-only permission: it has no write-level backend functions of its own. The actual management work on those pages requires Exchange.SpamFilter.ReadWrite (policy edit/delete) and Exchange.SafeLinks.ReadWrite (template management) - grant all three together for working Safe Links administration.","Security & Compliance | Security & Compliance > Safe Links | Security & Compliance > Safe Links > Safe Links Policies | Security & Compliance > Safe Links > Safe Links Templates","ListSafeLinksPolicy","","MISMATCHES_FOUND","5"
"Security","SensitiveInfoType","Purview Sensitive Information Type definitions and templates (used by DLP/labels to detect PII, credit cards, etc.).","Security & Compliance | Security & Compliance > Purview Compliance | Security & Compliance > Purview Compliance > Sensitive Information Types | Security & Compliance > Purview Compliance > Sensitive Info Type Templates","ListSensitiveInfoType; ListSensitiveInfoTypeRulePackage; ListSensitiveInfoTypeTemplates","AddSensitiveInfoType; AddSensitiveInfoTypeTemplate; EditSensitiveInfoType; RemoveSensitiveInfoType; RemoveSensitiveInfoTypeTemplate","CONSISTENT","0"
"Security","SensitivityLabel","Purview Sensitivity Labels and label templates (classification/protection labels for documents and emails).","Security & Compliance | Security & Compliance > Purview Compliance | Security & Compliance > Purview Compliance > Sensitivity Labels | Security & Compliance > Purview Compliance > Sensitivity Label Templates","ListSensitivityLabel; ListSensitivityLabelTemplates","AddSensitivityLabel; AddSensitivityLabelTemplate; EditSensitivityLabel; RemoveSensitivityLabel; RemoveSensitivityLabelTemplate","CONSISTENT","0"
"Sharepoint","Admin","SharePoint tenant-level settings and quota visibility, and nav access to the SharePoint and Deleted Sites pages. View-only in practice: it has no write-level backend functions, and everything you can do on those pages (site membership/permissions, deletion, deleted-site restore) runs under Sharepoint.Site. Grant Sharepoint.Site at the intended level alongside it, or the pages render but nothing works.","Teams & SharePoint | Teams & SharePoint > SharePoint | Teams & SharePoint > Deleted Sites","ListSharepointQuota; ListSharepointSettings","","MISMATCHES_FOUND","9"
"Sharepoint","Site","OneDrive administration, Sharing Report, External Users report, and general SharePoint site listing/actions.","Teams & SharePoint | Teams & SharePoint > OneDrive | Teams & SharePoint > Sharing Report | Teams & SharePoint > External Users","ListDeletedSites; ListSPOVersionCleanup; ListSharePointExternalUsers; ListSharePointSharing; ListSiteLibraries; ListSiteMembers; ListSiteProperties; ListSites","AddSite; AddSiteBulk; DeleteSharepointSite; ExecBulkRemoveSharingLinks; ExecRemoveSPOExternalUser; ExecRemoveSharingLink; ExecRemoveSiteUser; ExecRestoreDeletedSite; ExecSPOVersionCleanup; ExecSetLibraryPermission; ExecSetSharePointMember; ExecSetSiteProperties; ExecSharePointPerms","CONSISTENT","0"
"Sharepoint","SiteRecycleBin","Per-site recycle bin restore actions (no dedicated nav entry found - surfaced as an action/dialog from within the Sites page rather than its own menu item).","","ListSiteRecycleBin","ExecRestoreRecycleBinItems","NO_NAV_OR_COMPONENT_GATE_CHECKED","0"
"Teams","Activity","Microsoft Teams activity reporting.","Teams & SharePoint | Teams & SharePoint > Teams > Teams Activity","ListTeamsActivity","","CONSISTENT","0"
"Teams","Group","Microsoft Teams team listing and management.","Teams & SharePoint | Teams & SharePoint > Teams | Teams & SharePoint > Teams > Teams","ListTeams","AddTeam","CONSISTENT","0"
"Teams","Voice","Teams Phone/Business Voice configuration.","Teams & SharePoint | Teams & SharePoint > Teams > Business Voice","ListTeamsLisLocation; ListTeamsVoice","ExecRemoveTeamsVoicePhoneNumberAssignment; ExecTeamsVoicePhoneNumberAssignment","CONSISTENT","0"
"Tenant","Administration","Core MSP tenant administration: Tenants list, Secure Score, Domains, Licence Report, Manage Tenant, plus the Graph Explorer and Tenant Lookup tools. This is the broad ""can operate CIPP against a tenant at all"" permission alongside Identity.User.","Tenant Administration > Administration | Tenant Administration > Administration > Tenants | Tenant Administration > Administration > Secure Score | Tenant Administration > Administration > Domains | Tenant Administration > Reports | Tenant Administration > Reports > Licence Report | Tenant Administration > Manage Tenant | Tools | Tools > Tenant Tools | Tools > Tenant Tools > Graph Explorer | Tools > Tenant Tools > Tenant Lookup","ListAppConsentRequests; ListDomains; ListServiceHealth; ListTenantOnboarding","AddDomain; ExecAddSPN; ExecDomainAction; ExecOffboardTenant; ExecOnboardTenant; ExecRemoveTenant; ExecUpdateSecureScore; ListOffboardTenants; RemoveTenantCapabilitiesCache; SetAuthMethod","MISMATCHES_FOUND","2"
"Tenant","Alert","CIPP's audit-log alerting plumbing: audit log searches, coverage, and webhook subscriptions. Makes the Alert Configuration page visible, but that page's actual alert queue and add/remove actions run under a backend-only permission (CIPP.Alert) that the role editor doesn't surface - so expect the page's actions to fail for custom roles granted this permission alone. These two are effectively one feature and should be treated as inseparable until unified upstream.","Tenant Administration > Administration > Alert Configuration","ListAuditLogCoverage; ListAuditLogSearches; ListAuditLogTest","ExecAuditLogSearch; ExecWebhookSubscriptions","MISMATCHES_FOUND","2"
"Tenant","Application","Entra app registrations and enterprise applications administration, app consent requests, consented-applications report, and the Application Approval tool. One pairing quirk: the App Consent Requests page’s data call runs under Tenant.Administration.Read - grant that alongside for the page to load.","Tenant Administration > Administration > Applications | Tenant Administration > Administration > App Consent Requests | Tenant Administration > Reports | Tenant Administration > Reports > Consented Applications | Tools | Tools > Tenant Tools > Application Approval","ExecAppApproval; ListAppApprovalTemplates; ListOAuthApps","ExecAddMultiTenantApp; ExecAppApprovalTemplate; ExecApplication; ExecCreateAppTemplate; ExecManageAppCredentials; ExecServicePrincipals","MISMATCHES_FOUND","1"
"Tenant","BestPracticeAnalyser","Standards & Drift's Best Practice Analyser results.","Tenant Administration > Standards & Drift | Tenant Administration > Standards & Drift > Best Practice Analyser","BestPracticeAnalyser_List; ListBPA; ListBPATemplates; ListStandardsCompare","AddBPATemplate; ExecBPA","MISMATCHES_FOUND","1"
"Tenant","ConditionalAccess","Conditional Access policy administration: CA Policies, CA Vacation Mode, CA Templates, Named Locations.","Tenant Administration > Conditional Access | Tenant Administration > Conditional Access > CA Policies | Tenant Administration > Conditional Access > CA Vacation Mode | Tenant Administration > Conditional Access > CA Templates | Tenant Administration > Conditional Access > Named Locations","ExecCaCheck; ListCAtemplates; ListConditionalAccessPolicies; ListConditionalAccessPolicyChanges; ListNamedLocations","AddCAPolicy; AddCATemplate; AddNamedLocation; EditCAPolicy; ExecCAExclusion; ExecCAServiceExclusion; ExecCreateCATemplate; ExecEditCAPolicyFull; ExecNamedLocation; RemoveCAPolicy; RemoveCATemplate","MISMATCHES_FOUND","1"
"Tenant","Config","Tenant lifecycle configuration: adding and editing tenants, offboarding defaults, and replacement maps (write-only - it has no read-level functions). Despite the nav tagging, the Authentication Methods page it makes visible actually operates under Tenant.Administration.ReadWrite - grant that instead/alongside if a role needs to manage authentication methods.","Tenant Administration > Administration > Authentication Methods","","AddTenant; EditTenant; EditTenantOffboardingDefaults; ExecCippReplacemap","MISMATCHES_FOUND","1"
"Tenant","DeviceCompliance","Cross-tenant device compliance reporting (surfaced under the Security & Compliance nav section despite the Tenant category name).","Security & Compliance | Security & Compliance > Reports | Security & Compliance > Reports > Device Compliance","ListAllTenantDeviceCompliance","","BASELINE_OR_UNCHECKED","0"
"Tenant","Directory","Broad directory-data permission covering deleted directory object restore/purge (the Identity > Deleted Items page), inactive account reporting, Entra Connect status, licence data and reports (including Sherweb/CSP licences and CSP licence purchase), users-and-groups listing, and org messages. Easy to overlook because its nav footprint looks tiny (Sherweb Licence Report): any tier that includes deleted-item restore or licence reporting must also carry Tenant.Directory at the matching level.","Tenant Administration > Reports > Sherweb Licence Report","ListAzureADConnectStatus; ListCSPLicenses; ListCSPsku; ListDeletedItems; ListInactiveAccounts; ListLicenses; ListLicensesReport; ListUsersAndGroups","ExecCSPLicense; ExecRestoreDeleted; ExecSendOrgMessage; RemoveDeletedObject","CONSISTENT","0"
"Tenant","DomainAnalyser","Domain health analyser results and the individual domain check tool.","Tenant Administration > Standards & Drift | Tenant Administration > Standards & Drift > Domains Analyser | Tools | Tools > Tenant Tools > Individual Domain Check","DomainAnalyser_List; ListDomainAnalyser; ListDomainHealth","ExecDomainAnalyser","MISMATCHES_FOUND","1"
"Tenant","Relationship","Partner relationship (GDAP) management and the GDAP Management page.","Tenant Administration > Administration > Partner Relationships | Tenant Administration > GDAP Management","ListGDAPAccessAssignments; ListGDAPContracts; ListGDAPInvite; ListGDAPRelationships; ListGDAPRoles; ListGDAPServicePrincipals; ListPartnerRelationships; ListResellerRelationshipLink","ExecAddGDAPRole; ExecAutoExtendGDAP; ExecDeleteGDAPRelationship; ExecDeleteGDAPRoleMapping; ExecGDAPAccessAssignment; ExecGDAPInvite; ExecGDAPInviteApproved; ExecGDAPRemoveGArole; ExecGDAPRepairRoleMappings; ExecGDAPRoleTemplate","BASELINE_OR_UNCHECKED","0"
"Tenant","Reports","Generic Graph/Office 365 usage reports and the Custom Test report.","Tenant Administration > Reports > Graph / Office Reports | Tenant Administration > Reports > Custom Test Report","ListGraphReports; ListTestReports; ListTestResultsTenants; ListTests","","MISMATCHES_FOUND","1"
"Tenant","Standards","CIPP's Standards & Drift engine: standards deployment/templates, drift monitoring and deviation management. Also bundles the entire Copilot & AI feature set (Copilot settings and usage reports, Shadow AI discovery and sanctioning, Agent365 packages) - the two share one permission with no backend separation, so Read grants visibility into Copilot/AI data and ReadWrite grants control over Copilot settings and AI governance. Splitting Copilot into its own grantable permission would require an upstream backend change.","Tenant Administration > Standards & Drift | Tenant Administration > Standards & Drift > Standards Management | Copilot & AI | Copilot & AI > Shadow AI Discovery | Copilot & AI > Copilot Settings | Copilot & AI > Agent365 | Copilot & AI > Agent365 > Packages | Copilot & AI > Reports | Copilot & AI > Reports > Copilot Adoption | Copilot & AI > Reports > Copilot Usage Trend | Copilot & AI > Reports > Copilot User Activity","ListAgent365PackageDetail; ListAgent365Packages; ListCopilotSettings; ListCopilotUsage; ListShadowAI; ListStandards; ListStandardsCurrentState; ListTenantAlignment; ListTenantDrift; listStandardTemplates","AddStandardsDeploy; AddStandardsTemplate; ExecCopilotSettings; ExecDriftClone; ExecShadowAISanction; ExecStandardConvert; ExecStandardsRun; ExecUpdateDriftDeviation; RemoveBPATemplate; RemoveStandard; RemoveStandardTemplate","CONSISTENT","0"